{"cameraMode":{"drawMode":0,"name":"Shaded","section":"Shading Mode"},"sceneLighting":true,"audioPlay":false,"sceneViewState":{"m_AlwaysRefresh":false,"showFog":true,"showSkybox":true,"showFlares":true,"showImageEffects":true,"showParticleSystems":true,"showVisualEffectGraphs":true,"m_FxEnabled":true},"in2DMode":false,"pivot":{"x":-1.3653252124786378,"y":-1.4521238803863526,"z":16.96902084350586},"rotation":{"x":-0.12298740446567536,"y":0.013992796652019024,"z":-0.00171204237267375,"w":-0.9923344850540161},"size":7.244753360748291,"orthographic":false}